Feature_1,Feature_2,Feature_3,Feature_4,Feature_5,Feature_6,Feature_7,Feature_8,Feature_9,Feature_10,Target_1,Target_2,Target_3,Target_4,Target_5,Category
-1.2083373060370641,-0.8182206832334725,0.09699596499271819,1.1581108735000678,0.6283455092642799,-1.006017381499702,0.6241198170521551,-1.2141886127877322,0.5951570254369136,2.0923872756854602,55.61245661455824,102.27550140789727,102.30908069191298,-11.376441678933565,152.63700265195104,Level 2
2.150301761461878,-0.5449190868089495,0.2110174672026184,0.11422764866203965,-0.056945623721067457,-0.03763470242484838,-0.36361221221385587,1.103301882016522,-0.09671311187039239,0.39913611435207075,46.62518168848155,0.2739090404416115,12.124881196145056,53.106110243827764,81.10587053128853,Level 1
0.7674347291529088,0.6476885381006925,0.4967141530112327,1.5792128155073915,0.5425600435859647,-0.23415337472333597,-0.4694743859349521,-0.23413695694918055,-0.13826430117118466,1.5230298564080254,101.01679313179685,190.4703878359761,146.8312815617991,158.18314671071755,193.1592744316112,Level 3
1.567441812180379,1.1677820616598074,0.08658978747289992,-0.48760622407249354,-0.42098448082026296,0.3376026620752022,0.39445214237829684,-0.4118769661224674,-0.15567723539207948,0.2544208433012131,-42.092547619840374,55.520096994845495,42.466247569348255,45.37328615309593,-51.93758680781955,Level 1
2.6351718016819694,0.05963036992017413,1.3993554365860021,0.8951932200277323,-0.535235211560568,0.69822331361359,1.0495527153193351,0.3934853854217497,0.9246336829127688,-0.6469367777055739,273.23770158531465,228.98509005985844,271.74355842314156,308.7558215918941,289.1534488618848,Level 1
-2.796025856803489,-0.16013279556664034,-1.8751724696457446,-0.31905393566661816,0.02131164867194222,0.21319662823768915,1.0760071385985983,-0.7519693317388191,0.11502607914741717,0.6713400764504653,-100.36958899589976,20.05853133216415,-50.368973932430585,-11.968921557590825,-178.4986260517503,Level 2
1.1181253487722818,1.188913371474643,0.8004095252276825,-0.026521259249060073,-0.7449026448064491,0.3514482075415829,-0.16306696394376388,1.0701502383164274,0.7542913298135745,0.7083038472010638,114.370554919713,79.93651411611297,171.54219022814925,243.3289179720755,81.48310225760144,Level 1
2.4591800792284366,0.3801978510059632,0.17770100093325383,0.8339221545489041,-1.660960933515991,0.5597904479310398,-0.070165711458647,1.0807807255546218,-1.3353443587101013,0.6105857452838231,-53.037616516772616,163.6769056563734,-76.82242728914275,156.4569739707014,63.593203270798845,Level 1
0.1866091231563581,0.24938368371075526,-0.30777823495300055,0.6078965097165392,0.19408999289830758,-0.0952955323869521,-0.44643361455052827,0.27902152577033923,0.21915032766393877,1.5774532797634744,56.80561061873777,94.22618206890392,88.03161470195577,105.82406387539498,69.37344240818946,Level 3
-0.8661748482145006,-0.5487249077409615,-0.12853751143893075,1.2657078408647005,0.42719436187168486,0.15985639199740037,0.9694572005267368,-1.0276751409259581,-1.881849045497639,0.09284490114111471,-171.27182404737857,59.94449680195732,-210.1700064084037,-26.84211453090965,-44.33720243912908,Level 3
2.153725105945528,0.21409374413020396,-0.4465149520670211,-0.883857436201133,-1.142970297830623,0.173180925851182,0.058208718445999896,0.3853173797288368,0.8563987943234723,-1.245738778711988,4.997602327977048,-71.8378507749498,-6.797476798065589,-24.506489821925957,-103.2167599060154,Level 1
1.2482089499048157,0.883109777147159,-0.2918112689155441,0.29875290836568624,1.1484457091967548,-0.18047991359062565,-0.4263575962055433,3.193107567844861,-1.563190808696657,-0.07783719701280203,10.05108059246469,44.46554288469992,116.17665164525201,289.9372898781615,115.87847743271729,Level 1
-0.32138584165299344,0.07580455819372633,-0.012246772846914623,-0.8254971967925115,-0.5637245528039749,0.9751197334177512,0.4129314542756245,-0.14705738150213865,-0.8972543714858315,-0.6771617115121117,-81.80625994728669,6.500873173949593,-109.94907583691608,-41.23913166064631,-92.69473129245733,Level 3
2.588317206484576,1.586016816145352,0.11351734525124799,-0.15178509503558324,-0.6226995198205939,2.1330333746562666,0.2809918677350327,-1.9520877995225019,0.6621306745210463,-1.237815498826849,144.31117548008075,224.9171884176575,127.74913121384078,117.97381492318515,-30.140330775718446,Level 1
-2.4838858340543215,2.0752608726252655,1.3173940656343257,-0.6514180036144483,0.4241659464019164,1.7359638031652493,-0.32034730819432017,0.1979107834626478,0.19759960469239965,-0.6891878180895679,201.5005869668085,164.53821993696613,260.59986781338114,256.84266786142115,108.98190023237882,Level 2
0.7257666238986923,0.2799686263198203,0.6543656563540577,0.10939479460489293,0.22388402427913137,2.4457519796168263,0.4810092317367132,0.1292211819752275,-0.05558467091045507,-1.1254890472983765,277.9065887489352,289.87691760564024,217.40692374835126,292.0106318310191,200.13309495379403,Level 3
-2.367027839083322,-1.015821818978397,0.20056919723094285,0.1764415552772252,0.08614388304637476,0.42881650033057295,-0.8275902206487197,0.6931056072631441,1.1486373494287152,0.06167984984797165,151.24837886552805,-51.24642195169324,17.581086771737702,47.38767446860036,45.2183042808433,Level 2
2.012592400781795,-0.1087601484568576,0.5193465142411723,0.22409248181041677,-0.7730097838554665,0.6901439917111125,0.09767609854883172,-0.40122047188583626,1.5327389130025777,0.40171172209894146,175.52941818439535,91.43214189016584,121.70672383001656,117.62182880569202,75.67743303064115,Level 1
-3.035242322419374,-0.9857260463355437,-0.06267909727317188,-0.10703035995455783,-1.1978778925888485,-0.5302576183724408,-0.553649305347182,-0.7928728322623442,0.9551423205012383,0.5040465155178444,-122.25016034776834,-214.14730046719507,-251.0357286092929,-228.4512475061955,-198.28434305074725,Level 2
-2.0370367970484122,-0.622649361734452,0.043602446372453724,-0.6117690909052854,-0.692420979873856,-0.7424705856980482,-0.42930222451725997,-1.3200225112207058,1.695051040430753,0.1946074552372427,-33.43385051701141,-191.97020326872365,-93.73863488650532,-254.72524119422258,-138.20729935311277,Level 2
3.8009404329108154,0.19652116970147013,0.6427227598675439,-0.6763923020592697,-1.4307751021180481,-0.08973569428722672,-0.04015795064434341,1.4401172154494728,1.3291525301324314,0.7090037575885123,201.55382952268897,115.1510788011468,264.52444096290657,150.54380418355984,212.41404137188596,Level 1
-1.7762120483611015,-1.3793192280145272,-0.1769472274940494,-0.5176112990361714,1.188393273448084,-0.033126972873797095,-0.016422896072752075,1.7945578635177877,-0.7982972445384537,-0.7309300399419191,37.076539533023094,-72.59349161572595,-1.4409456985709903,0.8936351212517997,88.97716583841617,Level 2
-1.8095003202209334,-2.172669546014036,1.1070806692869728,0.3319803305690149,-0.43548637056984335,-0.5353281859539227,0.7094518171390395,-0.09053328230416077,-0.12038116395359824,0.8474216771504216,-8.843529203727813,-43.09399326145593,-107.21876672399867,-109.24815113962487,123.3990764678415,Level 2
-1.4920086730874562,0.7081086766885905,0.13354090478228192,-1.8362053731032966,-2.152890592952483,-0.7859894605079495,-1.1033666061738736,-1.331232953557778,-0.15246983638054348,0.9567023167945841,-304.66174308655917,-228.1107078467474,-291.041039327976,-442.3226203513652,-294.5030056705753,Level 2
0.18334200573835174,1.4511436077950417,0.024510174258942696,0.8723206367206782,-0.8082982853551515,2.1531824575115563,2.1898029332176723,-0.7673475628880495,0.4979982912454495,0.9592708260852069,253.3012836891797,509.979536018631,369.6860477368755,503.9389497186396,211.39883193594216,Level 3
0.6815006973726244,0.2715788371953735,0.42961821913258585,-0.03955515385665504,0.029756139495743236,-1.0810565404082624,0.02831837613045931,1.0531528533329035,0.20768768716311115,-1.2767485758203097,24.670959920683256,-70.35549542145789,89.1686165725216,14.718277612346569,82.64559885207095,Level 3
-1.5763921569842494,1.0786808334312956,1.6839276914578687,0.6523228784134196,1.3800913541474515,-0.17262729994081963,1.4765403497258958,0.8836599374866724,-0.45888426286894,-0.03850846950070721,121.22151667133352,139.22742406623476,286.96984550647505,343.79974861767266,249.71646165325092,Level 3
2.4553001399108942,-1.1227220215622986,-0.049463709652432936,0.2891686439078181,-0.5309969550018176,0.16645220821305598,-0.637739984251316,0.4924512640081488,0.6748194921666035,0.3824097461840506,170.5663374435985,99.88788127552641,86.4800929552281,5.021541853498309,177.02277675828637,Level 3
-0.977555244798551,-0.23894804686640975,0.2704568257798388,0.5009171876243808,0.751387123371789,-0.5767713305683327,0.09933230542922587,0.755391225825756,-0.05023810944913695,-0.9075636620415979,2.9810215134979923,-90.57685388301257,-4.482345696360479,50.022413660510956,21.825213531493244,Level 3
-0.7916337694068576,-0.5642475986573886,-0.5518581458924467,2.061503576636398,0.5925269492011831,1.5421099525678756,1.0240625258114624,2.006092888159123,2.5581992856682523,0.18455130319703697,620.0860265058643,468.5290833693796,607.5449246637681,718.3135072309694,477.2525636469005,Level 2
1.7969546139570074,0.5298041779152828,0.8356921120651418,0.57707212718054,-0.6039851867158206,-2.4716445001272893,0.37114587337130883,-0.7968952554704768,-1.129706854657618,1.4415686206579004,-305.96306973379666,-122.20119747358508,-167.1249136219285,-217.45094739834732,-44.93911091809783,Level 1
1.2457241499806422,0.6387302220291846,1.1055259329579838,0.30263546523903323,0.32876241030348075,1.633431532301096,-0.06413834659299263,-1.146345393018688,1.1870303055603801,-1.1430049127304835,223.0013096951861,103.27673423826961,138.4298264782733,153.81423712256804,55.79428582680181,Level 1
3.5213160519224513,-0.3917581490438219,-0.23893209916969452,1.2171585208254965,-0.4316203127180484,1.6153756894694418,0.9983108981479604,-0.3223204692113399,-0.36682441181468783,-0.9224101844985025,173.73153418534386,314.808531202484,101.65438038139959,231.51682027527647,173.07449898562854,Level 1
1.3080919301187555,0.650201177958661,-1.2803043986708944,-1.5255251709247388,0.24333944932269183,1.8466369960476658,-0.045586016355497805,-1.0700847663261526,0.8724573282801447,-0.09917586377938291,58.1523757201499,34.73502134479531,46.8637536968332,-0.0012371938965561914,-196.4965363989308,Level 1
-2.288658638920138,0.8576596232020194,0.3109075655980046,-0.018513135992389903,-0.827230943552323,-0.01901620790268883,0.3227185603380895,-1.0025293646378088,1.475356216949552,-0.1599385299634271,59.779847558813806,17.854424517724798,94.3347998115056,37.594423051024734,-35.893082847479576,Level 2
1.3370990824490516,0.12229750303228384,0.12522450264790727,-0.7019916878067556,1.7495767431869393,0.04886007032570433,-1.4026052717996935,0.04059169120388238,-0.429405541125253,0.5432980290363882,-22.486277916878247,-128.2876720681107,-36.153229261423846,-123.86061294234155,-54.10994720708728,Level 1
-2.09833962679475,0.10420110395187607,0.7589285897867651,-1.6929568141953855,-1.1035893172157711,-0.7539645888666763,-0.9885911071509176,-0.28067507686677406,0.2811914239693758,-0.06259312789952241,-162.46682753473942,-268.3086642952518,-182.52492472033524,-327.39076097803274,-174.01616062634966,Level 2
1.899881934895215,0.6347214685617699,0.3506300992735592,0.6725737012027311,-0.9745293046706415,0.40981865692851255,-0.13263374638257355,-0.24125765461854246,0.4891871301476635,1.1096998419562232,150.5863836492967,246.23477980222185,183.87794087284533,149.95325985273016,183.82399618220106,Level 3
2.3017918998194657,1.66125921454787,-0.027514905050636255,-0.9983854391882915,1.2269332238843076,-0.6022120603617805,0.7660802783846903,0.46877425607502377,1.772251596669744,-0.45709625658627184,210.39889779062412,57.187225741480596,457.33047100096087,198.77789739939942,129.11944195811827,Level 1
1.1968210493196552,-0.877982586756561,-0.10015407647995278,0.9135846262332494,-0.2711236010425688,-0.22647889190152676,1.4926885689595217,0.3673655068161781,-0.20367375017696587,-0.82688035403986,-18.16049111396435,22.731295042330164,-39.92392465965179,110.49976241466733,32.99385116483785,Level 1
-0.14408755572161547,-0.07049877805909122,0.056649924897107164,-0.9393353938187543,0.5999287299962045,0.06447441481012024,-1.2096947428411076,-1.9754665663538713,0.5296927543567308,0.4865016438262019,-71.53519946927763,-165.36432652884784,-135.91336894104,-318.30091039350003,-177.48672366535928,Level 3
-0.024125087110003277,-0.2688886905548305,1.8489560949453452,0.013929291912946203,-0.14436041192394275,2.5733598032498604,0.19808476076785533,0.05921843401448826,1.1265650295477574,-1.1065259087416701,378.3391409334189,214.28910927908294,229.6907589176352,286.60050892698257,240.00037811735493,Level 3
0.5698586220393673,-3.2412673400690726,-0.926930471578083,1.6324113039316352,0.13074057728609134,-0.2525681513931603,-0.44004448669698376,-1.2477831819648495,-0.05952535606180008,-1.0243876413342898,-165.10053197793528,-269.3507434425103,-511.31811406950015,-308.4446918054612,-238.59122815354905,Level 1
4.252435805344309,-0.6389617476895023,-0.9913923494563072,-0.6881503451777238,-0.32483138350862245,1.642015160136369,0.9817654869915943,1.0098170893426341,-2.153390113603715,-1.3230897934074985,4.565574258886916,220.75862845623018,-11.05069729226874,73.3552431308864,86.09658178572101,Level 1
-1.5323068282345669,-0.46531045678005334,-1.2295495944524168,0.25373966149457344,0.09798315347089544,2.6443433470170348,1.0857863249393471,-1.5029703283951532,0.4966992232365217,-0.10594835430413566,194.85512693241208,302.46782554250694,104.40626165554036,185.3799787317062,14.00013330435163,Level 2
1.8761708392158862,-2.123895724309807,-0.8397218421807761,0.34175597577715944,-0.5769036556624031,-0.759132661553698,0.9504238381860503,0.15039378647620763,-0.5993926454440222,-0.525755021680761,-75.52587360577746,-12.777579626614099,-137.26262651673508,-152.42319590412706,42.40311476330034,Level 3
-0.2246331499970246,0.9183166060023132,0.17989415115347845,-0.9824873935383096,-0.9683444548636353,-0.9896281365703375,0.5500520990245519,0.9407711879882159,1.3920022863445993,-1.5705006036231774,17.876167689086827,-128.06462723012453,130.04935805245842,34.65425840924784,-40.61938143608997,Level 3
-2.566297729602772,1.4027943109360992,0.7910319470430469,-0.9905363251306883,-0.5034756541161992,0.5868570938002703,0.09965136508764122,2.1904556258099785,-0.9093874547947389,-1.4018510627922809,13.46851964126536,18.923642371814847,96.37767930405009,197.8576883079914,47.295229080893094,Level 2
0.831321962380468,0.06023020994102644,-1.9187712152990415,-0.03471176970524331,0.7519330326867741,-0.19236096478112252,1.1428228145150205,0.30154734233361247,-0.026513875449216878,2.463242112485286,-50.29805446061248,100.02139915065116,98.33131968539382,151.56604033482355,-55.29277414747367,Level 1
0.9553052085705108,-0.8181988834223072,0.7783610761666377,0.6963874474567154,1.4775300810552616,-0.17018462252492844,0.08840688629184734,-0.4532280493272752,-0.5511857163285334,-0.0033744574109520514,84.77077648211795,62.44430403474698,63.513203209069225,-22.028643077547493,187.8850792195212,Level 3
-0.2500465145989528,-1.19363683175648,-0.6462273098438029,1.3924653000643288,0.2603218387712207,1.0005823180429783,0.28869362927985703,-0.6706202090766449,1.7753108926095116,0.9191541736100015,246.9944743068821,163.58851827788592,122.27534558098999,199.61231386290962,94.37367542734921,Level 3
-0.2860042218801108,-1.0727430257398065,-1.9792998103757877,-2.5302875227463297,1.9583474542205939,2.0740826697499735,1.100959634998571,-0.9193845915864234,0.7479102561175338,0.23924686411114954,131.5683042448072,46.0515379679398,142.7474711525049,-40.30577549594224,-113.70137220184584,Level 3
-0.35929209078705954,-0.48943944251822213,2.5269324258736217,0.5839281853259639,1.1087035805829077,0.6818914896263114,0.5906548306923093,1.8467073257360336,-0.5308687729203206,1.044160877069072,275.83586369121576,210.47015423535242,294.7629161536318,359.3529158599631,441.0839044945511,Level 3
3.31759753560796,0.19438430157733602,0.5796331732135757,0.1684609762696143,1.1398785611290454,0.33848384346169114,-1.0065425652796411,-0.29540141013902943,0.32579631658216646,-0.35316629281068834,166.65937621000404,58.90784761334568,141.035736738032,5.24455397181458,140.25980392543607,Level 1
-0.20922187374452778,-0.30803428418574125,-1.1057046684859357,-0.5621680265783021,-0.8058700664961886,1.3103087461196088,-1.68343819222095,1.3956838107899563,-0.21492103028873533,0.7796605322693398,-2.4415303512460715,-19.81229722360193,-139.094845630186,19.577899274339554,-124.67010107724073,Level 3
-0.29027454418865134,-0.006070911539893324,0.3885786045309641,0.9190764829877686,0.3216978061960136,0.08182935854756501,0.26739231407190295,-0.09888965319114267,2.4929995174327906,0.8384907744516419,303.08414049724195,125.70571854331452,312.86794280402813,261.27614163065874,183.51823611449927,Level 3
0.5087250232299338,-0.7084067669104628,1.9011906857530074,0.2671266510114834,0.8950383140761154,-1.803139676255945,-1.5811907020321334,-1.5841359430054898,-0.060660813814620775,-1.5137143926128271,-124.36296351737279,-340.73477293912157,-240.49480386703235,-461.2605334137227,-42.5292713874414,Level 3
1.2923305343812193,2.1221561970126332,-1.2608839543350452,1.2669111491866227,0.7746340534293368,-1.5193699659540134,0.44381942814622843,-0.48423407286625136,0.9178619470547761,1.0324652605511468,-21.195213336742253,77.30695104888538,218.01617543914278,187.12801722192128,-34.338936650208886,Level 1
-2.8498443694647917,0.6327818661062848,0.3384964074944141,-0.4593608995402441,-0.8560838259088672,0.18186625505849516,0.8303358165442456,0.24822058630033608,-0.4152879139008013,2.270692857804396,-56.81584362614837,112.3958804317714,55.76165151989456,116.90877506652532,25.052766586981786,Level 2
2.048084946661382,-0.6626237589458467,-1.6694052811213718,-1.6275424378831627,-0.9043166251044086,-0.7632591565425169,0.25972250172148187,-1.804882100664519,0.543360192379935,0.5705986685931593,-261.446275256278,-226.09000892078208,-254.44333707589152,-417.5093345792834,-348.3702838389593,Level 1
2.2387891590265134,-0.3216350512173826,-0.3486521344078592,1.0302834540318422,-0.19634984908497827,0.38193545223155334,-0.2590421458207031,0.43004164719106963,-0.3492577043184288,2.076747983560841,47.70337041681508,167.42088452610528,24.312733080702763,147.342809034762,100.50903242273557,Level 1
-1.191942201718855,0.738810480887503,0.5131057981760827,-0.535963445114048,1.8381836767951223,-0.9354387020445952,0.3672873134013406,1.085982116175032,-0.2595466775839172,0.6153674840130534,104.66665633055094,65.9749581182811,318.21361101695044,117.84938675319516,229.8017021583275,Level 2
-0.863990769679816,-1.3985675738191412,0.9261775475316414,-0.5923939242388692,-0.8309501164110378,-0.6506425691218272,0.04852162794482699,-0.4871253837646962,1.9094166404701305,0.5629692366905709,34.63059019087886,-196.18789603820866,-59.06336742072229,-159.96799545206653,-36.91883543594451,Level 3
-3.081548003614395,-1.6064463202575725,-0.12791759148076653,-0.6465728842425267,0.8816397569494505,-0.7563507452843033,1.6871416350725648,-1.4222537095976742,-0.9555404406004258,0.2034636358672231,-220.38978233006912,-154.67693107344346,-207.35644538595,-273.7369487037394,-120.86039441767498,Level 2
-1.5261670790882125,-0.6800247215784908,0.25049285034587665,1.8657745111447566,0.6565536086338297,0.29307247329868125,-1.1913034972026486,-0.7143514180263678,0.34644820949697586,0.23225369716100355,122.34101802409127,63.49140298033493,-33.8674602115762,25.812652911228135,93.02734639070711,Level 2
-2.3845555442298254,-0.06607979864731657,0.6385924587773739,-0.8604133652839524,-0.5768918695231487,-0.6518361078021592,1.0062928092144405,0.047398671316414016,-1.6615200622689599,-1.2110161997624564,-244.33341597998722,-134.00202304567472,-197.37846965528962,-180.90053598968078,-93.12176718013914,Level 2
-1.8843253657071413,-1.5341141707356223,0.7116148780888896,1.551151975522523,0.06751848141010895,0.33231401197959165,1.1792971840638264,-0.7484865365565536,-1.124642091837869,1.277676821898509,3.7062058329594785,177.53296667496357,-72.83218655906691,62.47860964471467,172.07013653154695,Level 2
0.3142473325952739,0.24196227156603412,-0.46341769281246226,-1.0128311203344238,-1.4123037013352917,-1.7249178325130328,-0.9080240755212111,-0.5622875292409727,-0.46572975357025687,-1.913280244657798,-357.9141973480616,-376.5976142059186,-380.8182573779874,-467.2942200242498,-343.14872263781905,Level 3
0.0017993154678923595,0.7276295436369798,-0.07160125941406395,0.07863519031609059,0.3464884758979927,0.7326400772155792,0.9163276747024814,-0.08071658010858232,-0.03722223650984159,0.05194588580729943,7.703866334160715,62.29898828882934,56.14012987290551,184.038959835573,-47.71879237962695,Level 1
0.07331796718840389,-0.15800789857898942,-1.6924646297148194,0.8231705839619146,-1.295078772063616,-1.0121043752601677,-1.2899608997410539,-1.6548566718657698,1.5295503194606137,-0.42688106994742003,-154.2380069168997,-209.6867780127811,-276.900166609857,-279.01985402650723,-325.30657908824884,Level 3
1.0035328978920242,-1.1063349740060282,-0.47917423784528995,-0.07201012158033385,-0.6451197546051243,0.812525822394198,0.36163602504763415,1.356240028570823,-0.18565897666381712,-1.1962066240806708,93.38065460771703,68.92773110010705,3.659072119693923,97.73923869104455,77.26565430415668,Level 3
2.5159392177040996,-2.4242402602729416,-0.021367294348436157,0.06699071722487192,-0.5290526773462948,0.7368438970924334,-1.5625458568865427,-0.2813275571182134,-0.7472116791478234,0.8840453963610497,-77.8397554285628,-113.6472671110143,-363.2770216759352,-281.3961507454386,-78.7582646873202,Level 1
2.513785950912209,1.083051243175277,0.3577873603482833,0.5150352672086598,3.8527314906547208,-1.377669367957091,0.5150476863060478,-0.9378250399151228,0.5607845263682344,1.053802052034903,182.74304024982072,109.16683803861523,446.86763108145465,113.15867342534337,260.6603239048655,Level 1
3.1267051368275833,0.793488720552213,-0.1343087414705478,1.0325462043416573,-0.4108142879545848,1.3043402428781525,-1.0909664302151982,-1.6624919880356743,0.8108082731597821,-1.7485319732381808,129.93749517580656,107.01659750690688,-8.10955965742787,12.97123360089304,-41.84494255306952,Level 1
1.2446170676466775,-0.6248185776956788,-1.8408742313316453,0.18676676447707832,-1.4066610968482223,0.517659020469123,-0.6115178029919482,-0.7257438131534656,-1.2795769667357015,0.026091050210833786,-308.94683376200595,-115.69504993086304,-465.18782970478503,-231.2760787068012,-362.3990067021343,Level 1
0.26105527217988933,-0.7020530938773524,0.09707754934804039,0.29612027706457605,-0.23458713337514742,-0.39210815313215763,0.0051134566424609,-1.4635149481321186,0.9686449905328892,-0.3276621465977682,-3.1426700531386955,-78.77680515939127,-77.00333291821524,-162.17601384521208,-55.30503448479789,Level 3
0.3112501545435361,-1.515191062198552,-0.275051697151644,0.5765569630557664,1.1195749114345768,1.6449677135012837,3.0788808084552377,-0.24903603955637832,-2.301921164735585,1.3668742674445244,56.50841707411115,399.4442480858607,107.68485150977062,257.40551313225984,253.4827513390091,Level 3
-1.110369204376563,1.4469778843537329,-0.18687164416135904,0.26705026586925884,1.0654803750653512,1.0318445394686349,0.08228398927542419,-1.485560373036972,-0.4397310582741749,0.19655477651157463,82.37469013310164,228.7958721573506,167.12619746245127,95.46304516598043,59.596895650383445,Level 2
1.4464117582920055,-0.0882820483512548,-0.5574917850078337,1.6777008140764407,1.628396623128538,-0.8036745679697308,0.5689830791852754,1.6391168054440675,-1.369802979579078,2.579709337654318,12.847552379239925,188.32413031299947,150.49030602867577,298.65420495447495,218.0232771963895,Level 1
3.543243528272189,-0.22648409884983187,1.221033695525353,1.8845863059346086,-1.1196174332890112,-0.3722067760710529,-0.4888494217862741,1.0887486197041858,0.5820977034686158,-0.9594392367234795,184.83552321223286,114.17146240583207,99.11803647444421,187.28531606663893,259.29218166409163,Level 1
-3.067802921579193,-0.019419605887732585,-0.22346598237185214,-1.0536824191463543,1.7106133725819253,0.7999419019420501,0.9503075919735757,-1.616310608436588,-0.3493167961181975,-0.30317978283427505,-30.93131433276652,-17.959992861106187,8.249089628552484,-93.42085443499468,-97.27155928194102,Level 2
-0.24751863555150475,0.6324077390555208,0.7077519354554754,-0.7271371758248686,0.620672097550678,0.6218099622171964,-0.07443342910004629,-1.5702247198904564,-0.5624667758942676,0.9725544496267297,-43.994397576303676,35.73894227710968,-7.856912193920522,-107.0194696544225,-30.706591584015086,Level 3
-0.933267959073196,0.11958036841415326,-0.015309849172995557,-0.02730453950993186,-0.8848027140269009,1.1965715016644913,-0.4432822511915103,-0.15852957302697002,0.5792914996010884,-0.9730689408815555,37.22315026238574,-22.3083906090357,-89.93292839164214,40.21885391026824,-115.04777224233179,Level 3
-1.0534155631736561,2.0883747047807275,0.9980101098596522,0.6127739050625697,1.9140313538667861,1.1081828167375165,-0.6237689606958051,-1.0399059271255309,-2.8962553781936893,-0.13958962815517376,-120.129698217248,124.78681216324884,-62.912356419327736,51.45704562893012,-7.052321076756884,Level 3
-1.5759389555359102,-1.234348871879922,0.9648516330974576,-0.8096035199216461,-0.014452270878279104,-0.026405756958926992,-0.47383934707091613,0.28016115881960635,1.6155828235482317,-0.5924642591528942,167.70358914983427,-125.24467126949291,65.79159353820671,-88.23675183284993,80.74475436039414,Level 2
1.346670767426288,0.5049872789804571,-0.7925207384327007,-0.4749453111609562,0.40498171096095553,-1.2002964070557762,1.7654542402810969,-0.3345012358409484,-0.11473644146689901,0.8657551941701215,-128.00796826088535,-2.1850147329726037,87.04287696967572,5.670880780286641,-50.07918558101163,Level 1
-3.760808811980776,1.7269638512334051,0.7223813578277714,-1.4183657329330317,1.262584103427182,0.22468472575188592,-1.5256563145700948,0.9325908318730899,-0.372833152091767,-0.39963618561460235,-34.09905588424004,-171.60856435290293,28.66558792035963,-14.158551598025698,-105.01572279526567,Level 2
-0.5047749212282174,-2.1218548990085946,1.3171150673398653,-0.9993022322949108,0.5467335682013793,1.2969945465611092,0.840620026504553,-0.022868062298882122,-0.11806852699107874,-0.6078219870944325,115.08747532073399,-29.304708211955838,-33.284365272659976,-50.48941669473216,104.36453375188499,Level 3
2.746253566027221,0.028744822934817487,0.3686733088729012,-1.3598561409799192,2.16325472330546,0.19109906801990334,0.6454841811410754,0.04643654815614881,-0.3933388123273607,1.2784518626072987,117.85689593080502,103.89039233917744,276.72301174978116,32.403529433377734,188.54366519365297,Level 1
-2.374820807549597,-0.5245202662797737,0.7216720640432349,-0.24032539815813486,0.4442633114860399,-1.2221278088919454,0.7109599682034917,0.7129984301723881,-1.129051771217229,0.48937456122791806,-127.53757233904062,-87.90925080729896,-47.1433192103294,-72.48009947896428,63.03477302367125,Level 2
2.757507710047305,-0.6997255079925854,1.9647251329163893,0.6141667000434252,-0.57581824064468,-0.11232804969082963,-0.5305011476105275,-0.2209695995332226,0.03526355197172861,0.21397991073422196,73.21793504594564,9.397913543511613,-29.548690088131234,-50.92326419811113,169.99113538890333,Level 1
-0.029262813684978354,0.26912694124510733,0.30805053950410216,0.37710039390218647,-0.05139372358848624,0.6215718898560508,1.1260502507721681,-0.36961033604363397,-0.3916485674217908,-0.3431922754974105,44.06239966376947,150.75971588712605,77.40937796182239,136.44069023209255,79.12779096268936,Level 3
0.9826909839455139,0.40825275571447184,0.19584525509768155,0.25602973431387566,1.0143700650181304,1.0291556373256436,1.6654744444625766,0.472597482413043,-0.978372777615032,-1.7025836042378404,157.6966351833826,259.8056015455425,247.7732776517259,271.182313480977,224.58189984998629,Level 3
-3.077744777929306,0.6862601903745136,2.3146585666735087,0.06428001909546277,0.6795977489346758,-0.4719318657894335,-0.7153037092599682,1.0889505969673663,-1.8672651925917483,-1.6127158711896519,-103.34759123501198,-148.25076472634012,-112.76363302133878,-38.0579141059718,63.58958229848474,Level 2
0.34758170536167105,-1.348185422105713,0.3078017688920592,0.01843393306539316,-0.7783047254023127,0.17086543812794186,-0.5397596803093615,-0.18398333635267913,-1.7101683926566253,0.743264094022715,-186.85817774100204,-64.2470462775335,-325.4878602723229,-226.95082939915557,-61.50707326105162,Level 3
3.453534077157317,-0.07710170941410412,-0.8895144296255233,0.01300189187790702,2.720169166589619,0.27669079933001905,-0.2646568332379561,0.8271832490360238,-0.8158102849654383,0.3411519748166435,150.93664213796342,148.3715865768749,239.41263589968744,120.23169031358897,192.1160407479925,Level 1
-2.3220615162056757,-1.0623037137261049,-1.5506634310661327,-0.7832532923362371,-1.2308643164339552,-0.9194242342338034,0.8135172173696698,1.5499344050175399,0.06856297480602733,0.4735924306351816,-148.0506991873881,-123.44812058713198,-114.1410722815196,-49.26443502527508,-128.8430903935421,Level 2
0.33445678998702516,1.5475052013300616,0.2029230208512997,0.28586539072490513,2.0102045387663496,-0.612788690484386,0.6585442726728304,-0.38770155993598404,-1.515744114997232,1.7958776730955217,-32.24362165796315,188.58374395022298,222.9936010022434,115.88707786187317,159.60650064798932,Level 3
2.1848361236948737,-0.9758732529773327,-0.9232332461109043,0.4933179008808892,0.7003098794089911,-0.949398888831943,-0.8583577801812133,2.632382064837391,-1.3516846056163336,1.0536417966078395,-74.72264023553757,-59.43156084524005,-76.24840836154308,41.48142465060656,62.59760481232046,Level 1
1.41093237974627,-0.22485598180807856,-0.13125696709230472,-1.090399077442846,0.018849622944847662,0.16865467196672768,-0.09858813228426173,0.44194064956940904,0.07685188295876821,-0.6500025808234597,53.179611940807796,-6.761421123718689,68.98856533106037,-63.932593733945396,41.24263293782086,Level 3
-1.6712488903403155,1.477894044741516,-0.21967188783751193,0.9154021177020741,0.5132674331133561,-0.8084936028931876,-0.5297602037670388,-0.5017570435845365,0.3571125715117464,-0.5182702182736474,5.023535216997616,15.903869083403778,91.54309138194483,41.118188474293525,-5.808024841152087,Level 2
-0.3753215415304394,-0.6459641791245353,-0.18289644110484016,0.12267031599479553,-0.2523535021262876,-0.4827435221820324,0.3230792731160291,-0.9533286082587124,1.3748764191481848,-0.7991920066502536,99.96398363722355,0.23373439646840333,79.57112853711259,-89.92969242030605,50.06170079481066,Level 2
3.77080063563551,2.5600845382687947,-0.5756378262377739,-0.0349884904969617,1.8124485579969287,1.1492733262856758,-0.6269670577877674,-0.7031764251258874,0.12200981464536144,-0.09605989972464987,223.47885708778782,295.00485149341563,392.8016842524781,222.45402438961665,136.14938315329704,Level 1
-2.90390764146479,0.5387559924463692,0.5583269125217224,-0.11122606134870032,1.2360931752104374,0.169360824036078,-0.7355299425897666,-1.4137144969049802,0.0760053914124115,-0.9206735930793662,-24.548358723160185,-117.05799495183105,-63.80654257739057,-138.19591198408193,-102.27506488487927,Level 2
3.561511196726853,2.1573082132655035,0.6779258713392691,1.301741289398798,-0.7534178703461835,0.742095372009307,0.032004149065766624,0.2992925804064919,-0.48791140814570266,-0.6057149230033384,145.8626979407309,327.7679176489649,237.6276153053908,325.9593234496385,212.535765539427,Level 1
-0.998354040738791,-1.0041407667520679,-1.344450511034277,1.5505004928140769,-0.21398884422550896,-0.034684887386781105,0.9843223984765838,0.23421473253652023,-0.9186519464841982,-0.7677975651041284,-123.28680720746989,14.46525925144041,-202.4164698171784,72.01116539430488,-96.12594053741162,Level 3
-2.752156405590583,-1.5047203740310022,-1.4063174636718339,-0.30920907704986345,1.3404504460231446,0.08243975293450329,0.31917451041918043,-1.4575514994649306,-0.08310557262869477,0.7600559636896026,-101.2989207389034,-102.08124665239627,-164.8131862132355,-214.648465321921,-170.26232321918815,Level 2
1.7631813932599911,0.9540017634932023,0.570890510693167,-0.7728252145375718,0.08187413938632256,-0.31526924464034556,-0.48536354782910346,0.7589692204932672,1.135565640180599,0.651391251305798,108.13883559275972,-23.74018897720945,201.2905653690632,86.82002661345136,60.963192642071704,Level 1
-3.4074637743765552,0.24496657110872277,-0.8222203955664315,-1.4480843414973241,-0.21344715171184725,-0.4710383056183228,-0.718444221252436,0.2320499373576363,0.2436872114919123,-0.5069431753711298,-182.6516295791077,-280.90065447589836,-186.42388369119,-213.20113875482704,-292.57894186810984,Level 2
-3.251113576385303,-1.0810633275998973,-0.3609661658190799,0.326133022242118,-0.18490213644298903,0.5931012579683838,0.924027019206901,-0.3095464393139903,1.159329803364248,0.6159356069442637,92.37284383268715,35.94629659501036,22.051916621610463,107.24828373142337,-9.203496012583285,Level 2
2.471415556386404,-0.6373871273065177,-0.6231405264247644,-0.8323555731042287,0.6329318177555111,1.4205042479898549,-0.5522230442809716,-0.5707462937494763,-0.5554771191602547,1.1890165311075518,23.753405836616484,70.19728306039646,-46.45411468924428,-78.27826493513486,-34.358294741503606,Level 1
2.9343199112392737,0.43693816974634986,0.1605739810498646,-2.553921134901955,-0.22476540189268354,0.9495541354413237,-1.366878698415421,-1.4848979684499035,0.0030460201534144695,1.1906462747863413,-69.8286716310765,-85.75938729963563,-83.69712680071433,-335.20499795115927,-161.71594231285044,Level 1
3.0571222262189157,-0.11564828238824053,0.7384665799954104,-0.4606387709597875,-1.763040155362734,-1.4785219903674274,0.3436182895684614,-0.7198442083947086,0.1713682811899705,-0.3011036955892888,-162.16318842206854,-134.043932257742,-129.96119264848133,-256.04716405416076,-54.76980843300699,Level 1
-2.522860027153268,2.2988981236192503,-0.5172884501003722,1.5795721457307124,-0.2817846088605074,-0.4455025214007718,-0.42018681709585753,1.453384477117701,1.40934744018558,-0.36283856043965906,169.08668025935742,136.28762945777072,293.8721026728205,419.06018785146364,81.77983907300249,Level 2
1.8576205149787066,0.005243699718183166,-1.594427658794367,-1.0676204293825944,0.514438834058749,-0.45006547147924364,0.12029563171189886,0.6228499323474987,-0.5993750229537729,0.046980593764742055,-142.73484597786236,-101.95391048108017,-61.44015378722462,-99.78214624209619,-153.4261423040364,Level 1
-0.1512732836535117,0.5211224283793385,-0.05489400061628639,-0.1973384203073261,1.1337700968670645,0.5556044660034485,-0.194908280352681,0.08958068125524882,0.28555407485765694,0.6452155859500572,122.96723417884795,88.02895528505192,174.01698624500085,121.86317007749844,73.23852113110257,Level 3
2.2011596558728392,-0.9037018607301281,0.40373009033660945,-0.4646172972983931,-0.25890497370407733,-1.1790397911598025,0.28328787154614216,1.1876793884615637,-0.024195606390916165,0.324359281721603,-43.009856356125695,-114.39785502128136,-12.12206868307541,-67.7583214000955,63.126380796574615,Level 1
0.8967916342783169,-0.3649527295428853,0.538296079049633,2.056207129940322,-0.27681329988892067,-1.0448091940210336,-0.221253623585772,-1.9663565893760018,1.0725073373098022,-0.8392096673390064,-58.576517918249095,-133.3251817102968,-184.189091053604,-120.96701343219348,-99.88127806245954,Level 1
-0.9600953126039236,-1.3719011429313563,-0.17294605992342302,-0.6690727386599166,1.8260097135469362,1.4711703274936085,-0.6056155397368641,-0.20932367715186612,1.7117084801423437,-1.6135613978767411,344.220848009516,10.057041221200807,195.6457817450053,14.64290342593266,114.2453704388746,Level 2
-0.009118996644203544,-0.17495975669540864,-0.6680904536430488,0.028181157369128247,0.4746982328799528,0.5365098435704035,1.085895565831578,-0.8984679817910373,0.9920423495365228,-0.7557451594928447,111.72383217254841,78.68126362336815,125.31624951145561,77.75875801927796,1.0344028580055744,Level 3
-0.10320701734605264,1.158595579007404,-0.9746816702273214,0.82206015999449,-0.7537361643574896,0.9633761292443218,-0.2453881160028705,0.4127809269364983,0.787084603742452,-0.8206823183517105,204.64971683904625,259.2174734621612,224.44604458737183,267.32274384579927,103.28362432080787,Level 2
2.6860514599984393,-0.2489641484790735,2.060747924881987,-0.9649234605801045,-1.7587394864231143,0.6453759495851475,1.0584244868495878,1.3686315575323487,1.7553408424432044,0.9715709509543554,302.8877266554856,172.15377028996954,343.8025699999769,268.575731091102,317.8208864003749,Level 1
2.174577812831839,-0.3427145165267695,-1.4153707420504142,1.8861859012105302,-0.0744459157661671,-0.16128571166600914,0.257550390722764,0.4040508568145384,-0.42064532276535904,-0.8022772692216189,-21.949970160895358,82.0546580722032,-71.55547057602465,131.81494427007783,-14.61921531508836,Level 1
2.501094169939845,0.07005216311318137,-0.1044492185374715,0.9751976297824295,1.0010460925671412,-0.9273531341905741,0.1895816165987434,0.23836898273478513,-0.16882172319001063,1.1618783026081902,39.61811795085099,88.02716628501378,134.23785518040984,94.02447901522582,147.60390628924353,Level 1
-0.4960070114173116,-0.03275327021599839,-0.5736620068802363,-0.2549772174208552,1.0915068519224618,-0.7128457826771644,-2.650969808393012,0.10643022769189683,-0.5468589412403921,-0.543424771133765,-80.51353865069157,-197.23898611717036,-155.52499421971518,-299.37783532439755,-96.97937797355267,Level 2
-1.4838217128850415,-0.6267172245899651,-0.9716567345412859,0.7250957868479971,0.43192254467394064,0.9531250453760867,-0.6414815952229522,0.513085420097293,-1.3796181647889303,0.8623934723827588,-11.965957810376237,124.66261293766978,-96.58444604177886,57.63262743873381,20.562459124570005,Level 2
-2.1470020016284885,0.6337768809320985,-1.1875984190295128,0.0438114719791096,2.2105230015913513,-0.1852876588777083,0.9638791167949097,-0.12982069973342616,0.3098207102270275,0.41379909745149823,101.00413550879531,117.42593647730467,276.99809632743046,168.36845224226968,69.4686921982418,Level 2
0.552489954417148,-0.6013676439512138,0.1053755061459599,-0.019637798926681226,1.3641404299738442,-1.5929937335316693,0.22391413406466143,0.440474737960399,-1.3340254949182044,0.319781934142537,-130.82723452092642,-97.65179449740532,-39.839838541611805,-147.71235827819888,66.78113387820906,Level 3
-0.6777449705248515,0.8712972974572442,0.5866938014752747,-1.0003313246055747,0.17958178193959795,0.12637957954641182,0.513907849658915,1.9389289990582848,-0.47490365662252443,-1.3459796802467485,33.771970576003405,-19.905430687829355,135.5829604954846,165.68516593657526,61.58419494902837,Level 3
-1.1267674689098053,1.1731246375866413,0.6969544045107356,-1.5708761520684993,0.14294309476370676,-0.10730214400422883,-1.1939250063990554,0.44771692581027733,-0.33381948975600995,0.3696421921980939,-106.97836800944526,-174.95873377588697,-55.94446395101263,-123.87375383075509,-128.72393040759115,Level 3
-2.620847598251116,0.6380511014407572,1.732514999485092,-0.7877837519082389,-0.4720905776971272,-1.801057734152739,-0.16814381858478955,-0.5426737997340217,2.2313001461926323,0.5008444749444569,35.27532933409174,-206.0642027090047,132.2828743273218,-124.49581161249083,18.72919321720183,Level 2
-0.9716140385106515,2.013387247526623,0.4599721429391164,-1.3471262895296965,-0.6568942789713957,-0.3653215513121087,1.2004139079444254,0.1846803058649084,-0.6777153697521061,0.13653533108273744,-146.6264052648058,6.7508492081642535,82.91927345685001,52.35175362730228,-70.09097993786553,Level 3
-0.8352606455428286,0.2935579321666293,0.7942646796218271,-1.6151318159055095,-0.8102524370143808,0.46642998243352635,-0.734591576798049,-0.03564148229748357,-1.2542894231692494,-1.356581804623405,-123.58984472232797,-101.53941126203047,-162.549790565368,-244.8474189677199,-79.79583756792985,Level 2
1.1727290192593647,0.4940301862827388,-0.6255627015095294,-0.025554070991445278,-0.37061433208610595,-0.5503051538454201,0.5436001545944323,-0.6716233679380516,0.39580353343740904,0.2606737658239071,-12.859803602842206,68.11698051794934,86.62170535691831,-21.007726602077486,3.2481941848766915,Level 3
1.8241141875676634,0.0754336389015928,1.639964529371393,2.1709427174978138,0.5514853760404677,-0.24606248812994846,0.12320480678448571,-0.8432465953161914,0.7421274910718922,-1.6019658118971685,167.42104853024838,60.58808495855793,91.36993999092576,136.77046319836552,182.76071448118108,Level 1
-0.3092123758512146,-0.6769220003059587,0.324083969394795,-0.8392175232226385,0.9755451271223592,1.030999522495951,0.33126343140356396,0.9312801191161986,-0.38508228041631654,0.6116762888408679,117.94293461112287,71.82525180713037,113.45481207097889,110.86896243998119,121.31741955917603,Level 3
0.37721187506452086,0.132969674146876,1.073631749859772,-0.5589218472715883,-0.0657502610729878,1.1950466289248425,1.5655240292343404,-1.5231869047837747,-1.0265152994110602,-0.7001208149391732,-2.7427691859398613,151.5530501086907,20.488407321280757,-12.372155115427748,64.26664890604525,Level 3
-1.9596701238797756,-0.013497224737933914,-0.6017066122293969,0.2088635950047554,0.19686123586912352,0.822544912103189,-1.3281860488984305,-1.2208436499710222,1.8522781845089378,-1.0577109289559,48.593108890891806,-178.36707519723566,-135.01761090758305,-77.31983809823124,-257.0146066269395,Level 3
-2.5327008396619113,0.32316771418478146,0.14088624691120394,0.5136001065697166,-2.8722622132816493,-0.46603650186824225,-1.169916835710288,-1.5947030672667954,-1.7684393655628516,-0.14760258629866868,-457.3198226343866,-203.48648729740822,-609.6723559939695,-399.8792664274611,-373.2177115339069,Level 2
3.5986471705047167,-0.4363858905265686,0.5462842480036996,-0.25879606266710237,-0.29548031802916036,-0.08836295920533539,0.5609194479412387,-0.37001102988212803,0.0064222698109378164,-0.10960980392583083,54.64598271629088,73.5226437627847,74.41949660921365,-45.794963452146895,126.56483076210199,Level 1
1.6975303135118716,-0.213442870930208,1.5307508323436974,-0.6134026635409398,0.1704162223754877,0.14866745720211172,-0.38817681854122876,-0.3370859711180397,1.2187618516973167,1.490726136849952,146.96865506655183,-8.23708737460275,136.1447453536892,-2.5978669865221033,121.15294508250682,Level 1
-1.2916435527006467,-1.448013900416244,-0.5551995266931983,-1.0212328171307132,-0.5640786307367284,0.4400144500533324,0.24380071377119883,-0.5020542243526112,1.88115706944059,-2.198805956620082,111.71064590556185,-136.61194564263158,-25.85398827128701,-152.13427885114012,-91.43546784228874,Level 2
2.4190190093660453,-1.9937356425714554,0.33088023221445706,1.6725723868377034,-0.05576907765770601,1.2276689924732922,-0.7050118557584089,-1.2096410186912054,0.8335289616089246,0.37405656984757213,179.4563590378724,92.06198001092869,-99.64582763267912,1.2717681135094283,89.76597814829181,Level 1
-0.42387932662895667,0.8406435489887243,0.12810441491078928,-0.4523063192490767,0.7604146561442974,-0.4461834332147797,-1.5839028234857233,-1.889540730945531,-0.6810516574748808,-0.6526239793023911,-307.316391614233,-345.94144617102825,-380.4184559314139,-379.3924564670299,-390.6094218236099,Level 1
1.0212362842176925,0.47897982574639203,0.07156623721939247,-0.26987493529337125,0.37730049304485197,1.0375399442578994,-0.44429326007611136,-0.5100163988547471,-0.4776574467651167,0.33366210528694845,-21.876576442393905,18.217737816218662,-57.60604027765243,5.051729130348328,-80.42764345947015,Level 1
0.5639091200523596,-1.389572466763596,-2.4994057148735727,1.3842728185105182,0.8534155587803077,1.0225704320096403,0.594754341665286,2.439752406339273,2.2909425725907413,-1.6453987469568918,424.8042757902072,191.82811723823013,337.6671029836654,485.16996739765256,176.93878891983258,Level 3
-3.2276078151369925,1.613711269058647,0.32135721545027307,1.1894704889246406,0.7011727423108983,-0.24415663529064877,0.597400069849858,0.9640871682883576,0.42192075423528475,0.45353430151397983,133.39821421032704,161.0777777523834,286.17375335557193,386.5581753117203,153.7970855162492,Level 2
0.38115838488277776,0.24075317948856825,0.3088330125989638,0.7533416211045325,0.6731813512699585,0.5655096456315442,1.2897527540827458,-1.7607627591558177,1.702214944635238,2.601683114180395,266.6404376101,316.79690059604826,370.8448927478584,240.32231090508404,230.78510018783112,Level 3
-1.6927004791233906,-0.5893647569442118,-0.20812225035727533,0.8995998754332507,0.6296288419236122,0.35701548596504734,0.8128621188389601,-0.6929095952606542,-0.4930009346588331,0.849602097021025,40.71057401701461,160.46650032721917,39.908212894157316,79.05802980003749,101.46270962862695,Level 2
-3.0080863109174043,0.8711247034316923,0.28977485689641286,-2.038124535177854,-0.35151348404130867,1.2012139221639448,-1.8707919210258557,-0.4080753730215514,2.0754007986454384,-0.32602353216784113,108.14588552746079,-179.8097144250106,21.318723733898054,-113.54695710399947,-197.37213288228483,Level 2
0.10855970577652314,0.9531366339132451,0.7082144232565574,-1.1437262073206618,-0.2081168572725397,-0.6124373746404379,-0.0332299906444608,0.36150352520610163,0.23321613126350177,0.2871241652018242,-19.13306680591053,-56.078305840184896,103.35959994705729,-35.05296920350851,16.796955347534816,Level 3
2.1200313267182613,-0.02435459226098284,0.5228354880354996,0.03800347816820029,-1.0227925651984056,1.7275431701007113,0.6135179727304166,0.4363236696740321,-0.573700003938579,2.1422703586118637,110.17482295858372,293.27505183027574,102.01129924802383,248.9763890746434,160.13326054073121,Level 1
0.5599491174057056,-0.15005558703252717,-0.297563503359992,-1.0962750868952018,-0.8469613483183278,-0.1730718242838696,1.5945050632249722,0.015579047581467534,1.3757068133116197,0.12557645347154262,-4.491591941261049,-63.95960487373074,68.80591702849853,44.185274822389,-92.05152759507203,Level 1
-0.4281151609659125,0.07682189106025536,-0.04692057887918407,-1.556581898659751,0.8502217421134929,0.99626681944714,1.5007597906343109,-0.4937565831613125,0.47704082722312147,-1.2829922241885696,96.54844678118347,30.234539798921656,164.4618589172763,44.31931196504048,-5.146817278957579,Level 3
1.28084668075758,1.6122206282554243,-0.4830610516834395,-2.151815401329305,-0.9871795271511837,-0.2685306479058323,-0.21113023882769438,-0.8911922254152874,0.14679301198554937,0.8968393158655319,-216.74292020123505,-141.08095263087586,-81.79816068216991,-214.60011330137,-281.9679233272499,Level 1
-0.29900735046586785,-0.03582603910995153,0.36139560550841393,0.08704706823817134,-1.9875689146008928,-2.6197451040897444,0.0917607765355023,0.8219025043752238,1.5380365664659692,1.564643655814006,-111.25201176229866,-183.7702521643952,-14.672123577119967,-79.69489017006369,-25.280041261513713,Level 3
-2.939879786327355,-2.0674421000398766,0.3840654489393073,0.36659824609684827,-1.0592135218889516,-1.3044695005048532,-0.5138669173366935,0.6696725488300385,-0.03269474809409311,-0.08912003951278841,-173.51114070533367,-293.9674505930627,-345.0577390370598,-242.6781803427847,-110.99867802364582,Level 2
-1.3204566130842763,-1.6074832345612275,0.22745993460412942,-1.236950710878082,0.29698467323318606,0.2598827942484235,0.5219415656168976,0.78182287177731,1.307142754282428,0.1846338585323042,104.68376222911148,-136.2630046388186,39.375799998103155,-7.930403989713967,1.4906111142391374,Level 3
2.1864543147694278,0.04557183990381377,-0.7303666317171367,-2.025142586657607,0.852433334796224,2.1439440893253257,-0.661786464768388,0.6339190223180112,0.21645858958197486,-0.6516003476058169,153.0287991642006,30.948837378654655,105.41321748568294,39.040723968454046,-46.76636818391712,Level 1
0.3918040054025465,0.541462728204788,-1.1701130260593595,-0.5462444482524828,0.1833599197791556,-0.5765104007267194,-1.4789115687741285,-2.59104229214491,-1.8019804375800197,0.7591551603026468,-406.8712881469784,-190.5371556468186,-426.36884441518083,-516.8353620874908,-372.72954061763727,Level 3
-1.624301981654328,0.06752820468792384,1.465648768921554,-1.1509935774223028,-0.2916937497932768,-0.5443827245251827,-0.600638689918805,0.11092258970986608,-0.22577630048653566,-1.4247481862134568,-63.976191298196895,-193.7447006483577,-84.85628427539638,-218.15576987782617,-18.876129391332206,Level 2
1.4084286111641702,0.7472936051232618,-0.8289950109220725,1.277664895788425,-0.20219265243389398,-0.020901593964148132,0.5470973811700377,0.117327383308782,-0.5601810401969697,0.6103702654334648,-51.03938501226141,137.5168161789833,9.915192142704084,185.7960874180399,-12.37078493903335,Level 1
-1.543246780846216,-1.2515394241904443,-0.24123605785632987,0.34272534637770413,0.4477085600173148,-0.08215117839256883,0.5697672802322037,1.1172958315881278,0.3520553965142968,1.4437646040732597,140.97321414972333,110.13013257012778,150.7452650639158,154.38358354530402,192.17294173294698,Level 2
-2.6002168771587946,1.1631637521549596,1.4412732890661155,0.19905969557347003,-0.3853135968617599,-0.9815086510479509,0.06980208499001886,0.46210347426327075,-1.4358621511794394,0.010233061019587049,-163.22431410925273,-45.938014330259485,-63.4829541337129,-11.512019763631,29.698923785348768,Level 2
-1.8532863135666773,1.066674689589154,0.8204821811973643,-0.16711808031685435,-0.8169356709872361,1.3821589910375272,1.2065089665083568,0.6487098875896427,0.5072740311072979,1.1692955904456728,227.5537595676859,324.88685419552485,336.89414829374755,387.9886936589112,230.80910806439246,Level 2
1.6947752956453324,1.3902075490173134,-0.025026958745143917,-1.0651136630753726,-0.186971302985446,0.010352619843380607,-0.6095122021592831,-1.3118362323501596,0.8177662992002871,0.5578103063518622,-46.59219238365895,-63.83230264702959,23.63342390992826,-124.62682524826597,-150.95251216957394,Level 1
1.6073455760199926,0.8604734883597454,0.3074066978091007,-0.24869112618354708,0.7348777860498175,-0.1671217137864115,0.49097495163825133,0.28257995048829965,0.8157372125392965,-0.5830774385689385,205.60613065005163,142.00327549585384,345.76640113840097,154.59599565909753,209.79872285445344,Level 3
-0.6461276258345867,-1.3202332070206422,-0.898414671348358,-1.713134529090878,1.2378163119734618,1.179440120721287,-0.11453984525261789,-0.4691756521047048,0.4919191715065057,1.8314587658543537,146.88767214253244,82.1576376900793,132.54862786864322,-92.29386828616131,58.01572463587983,Level 2
-0.2477295565763773,-0.34268759408034877,1.246085192497629,-1.1105758454658288,1.2715550949941588,-1.4075116947178212,0.9356783931474612,-0.7778166875908753,-2.0733902324081495,-0.37144086599579146,-173.330211060653,-71.61081052021406,-28.35048555084658,-307.4856173498885,112.87252212966638,Level 2
1.9423812029664147,0.8700677306887539,-0.19068240076334658,2.403415585238275,1.050654396007612,0.15041890514357628,0.2010990467149675,0.3649610024662251,0.21743287317972287,0.4956818879726045,195.31908129178467,267.69757818359454,251.31691433312466,389.6162203195554,216.48775146389553,Level 1
-1.014270004320137,-0.0796413912457152,0.02421945667275807,-0.18714426500454878,2.5895636420186134,-1.0623935281468797,1.187386051564751,0.4283070972076486,1.4122205554154292,0.4523717962497342,273.52310107799974,103.01844307026558,484.7764838803707,180.87170429492733,300.4063641961461,Level 2
-1.7314077211367427,0.45588777208160763,1.328194141849058,0.05701312489708459,0.5078357562896237,-0.643518230380143,1.5284684264125317,0.9278401280812372,0.5562300094006599,2.165002344901084,196.04648278567132,219.84379035661593,415.42842288411293,302.57900738665774,353.2993893229861,Level 2
0.39331783939437187,-1.092312764672579,1.091310120594269,2.319329539981694,-0.3091164642025014,1.2130976999791834,0.1920491164900316,0.14171691363990474,0.609138120907177,-0.3164084496948019,284.70835061932183,242.72852124197107,103.09342350133544,299.14278009502726,278.38784423411937,Level 3
-1.2291348061130332,0.32692737376416264,0.0184183791895517,0.23561455810856594,1.143754043206929,0.8294055811834892,-1.4785862457798415,-2.211135309007885,1.6764373122752827,-0.21910052880886424,188.69323107368967,17.971480566844303,90.32968971509764,-96.76548667310561,-19.904714982205288,Level 2
1.5013336519554867,1.185704154662997,-1.0469109826819396,-1.4218106667418438,-0.25083301645504735,0.9960476858058164,-0.32267983884213575,-0.7567950885694608,0.5366527525272862,0.7189533106650667,62.34184011809748,130.01915039531337,152.3918908331149,-15.133946090554026,-55.61528451160023,Level 3
0.42359906559346105,-0.6435498323174619,0.48473281729447476,-0.955122579349353,-1.0675329142542729,-0.33477533210654087,2.062524919243145,-0.4036484632419967,-0.8463566549908735,1.0299608175811612,-124.86557316113272,60.99688439553338,-22.478762259021888,-75.14366865551398,46.22631014426928,Level 3
1.689733243406544,0.8254163489880298,-0.21768120322722037,0.6819529712949639,-0.13014305436768459,1.305478807154329,0.3241663524884421,0.02100384163275905,1.0987768519871903,0.8135096360006385,224.90262152419268,249.71679864770925,246.7587824165248,333.45983880407675,110.1891756235977,Level 1
-1.1226377094243287,-0.966976143129213,0.7858001586508322,1.5033983017671506,0.02688583899453078,-0.003602539090568403,-0.22096417382966393,-1.1583646891925423,0.42545756178496474,-0.047711356141979855,98.37011900082783,64.72535187737081,-27.265513501339175,-29.483379905797534,124.6458037752596,Level 2
1.9457051334821878,-0.2595913513636048,-0.3357846992901282,-2.6968866429415717,0.6962063648134184,-0.24574306408594407,-0.23093453020867796,-0.2727235697476702,1.669021525289393,-1.5031429531181062,30.395549851851047,-277.2653492218479,53.55431498978891,-258.3703995863951,-162.6673050958334,Level 1
-2.190338678083608,0.0773683076476183,-0.007972641316617375,-1.0372461543264564,-1.3827997309643363,1.5231240772696573,-0.8756182533847574,0.5389100436846587,1.4799441388900263,-0.8612842013282637,143.56592640389997,-27.001324273645274,14.10120547843109,51.94756066526975,-80.72740120040996,Level 2
1.1608267873785192,1.1487657003721035,0.7716987106483447,-1.2946814757209055,0.3465038817307158,-0.36244094140313216,-0.46770120131189136,-1.1196698946261439,-2.8485426206300755,-1.7397137787780996,-312.3075845865583,-131.51969448625655,-246.66753176545922,-376.8706880680795,-139.5628064082947,Level 3
1.7547941819843647,-0.7043436905427592,-0.5227230205190395,-1.280429352496283,1.6964563682900382,-1.5566291735239037,-2.081929407883722,0.6060099513456396,1.0490092258368893,-1.4084612963635597,36.97890093106288,-323.4532869552956,14.197193125613637,-337.8290449007856,-42.81631571788023,Level 3
2.586364018755093,0.18102155870370695,0.6628812686674127,-0.5286166817497568,0.02127157673606165,0.3996879517526416,1.2382830714336357,-0.651356893791829,1.173473857485325,-1.2968319479558466,169.7744803725993,80.83519983666493,219.49397588397724,81.09352462963234,109.66762854513266,Level 1
-0.7699732310586415,-0.5816809139486437,-0.3791277409874871,0.03408346825922606,-1.5558956462036273,-0.6492775450660071,0.2337859117907477,-1.2239402667622565,-0.20358036010236177,-1.0147567306928669,-265.85137533394294,-210.50466631238342,-362.57619953345403,-284.23687037992687,-278.07824761028803,Level 3
-1.244654703311417,0.8696059201056602,0.7569886166453519,-0.773789199103573,1.496044311489183,0.41343490322370086,-1.7787202489042786,1.876795812558066,-0.9221653241776254,1.355637858804951,33.86902119306627,-51.30631258994728,66.86578458739537,94.2529678313126,54.50205051969729,Level 3
-1.3691883154452225,-0.7168223206028049,-1.141689114133505,1.513449743242131,1.8540925663341883,-0.08268068584269925,-1.024186824329205,-0.12174750838328353,-0.19365945927971812,-1.86653661707306,57.68744498220178,-42.02845460636899,-64.18756295413017,-29.297018269313952,-9.397926421742522,Level 2
0.53562511979018,0.39922312260527926,-0.25737653742334515,-1.225765663002341,1.0470983026121545,-0.4831864622993739,0.22445181855997198,1.5739867632900326,-1.66858407387759,0.647195939702741,-174.3643437027062,-111.50611979555227,-43.19110818634378,-9.418949092888381,-68.26546617000068,Level 1
-1.3801014582148914,-0.26940683444455765,-1.183258512665775,1.6286155455712918,-0.05554769889661878,1.502357052096028,-1.7033824393551547,0.07409478041977519,-2.0392321777601006,0.7175422557959621,-161.82851361843865,36.471889386521546,-381.32015923709537,17.419373852235527,-194.2679233308804,Level 3
0.9528745472029384,-0.6540756831274238,-2.703232292999237,-0.13744851462769184,1.3149144535840473,0.5112025995249807,1.6122782579886454,1.3736585451629577,0.6778753195309076,-1.830632896856457,187.82666316843165,139.91313363616368,265.593209882537,257.3713226197895,59.0789446904478,Level 3
0.27899416222380197,-0.7184072655691974,-1.243863235391285,-0.6734906242438685,2.1451491277733883,-0.2949496782920278,-0.8353470532597573,1.2477420726737338,-0.6929051977959073,0.8949243769444413,0.18059352551555508,-68.65009074544832,34.370224743519046,-51.37470701027066,11.715090962995921,Level 3
2.0574954697116987,0.4365598041576678,-1.072139011985607,0.6191542610051978,-0.7280029412291342,-2.3629324355418384,0.020793707675407887,-1.0097307047099375,-2.9213504834946074,0.9039348410861953,-471.3075929594868,-60.39925781059621,-333.85000228968926,-373.72306579449656,-146.90763706949207,Level 3
1.1377485336599946,-0.9057323008626189,-1.7730324682068814,-2.135674213978696,0.22323891412915967,-0.5956612940434921,1.0560568090660518,1.3744380931708173,1.2619215007139917,-0.6537663386488198,155.14735352755145,25.368127028418822,304.9926454361732,-28.74030308636554,111.61235120898286,Level 2
2.64084286126701,-0.24717738252059693,0.20838280794755248,1.7976865268495226,0.5725827813561586,-1.0016200098949155,-0.5711789897827968,-0.2811002928859549,-2.0417348684242906,-0.6819842479977986,-176.6962059739527,-31.165286055677416,-226.45556831881572,-122.13799094028056,17.17894928113196,Level 1
0.41953244390702776,-0.1340171666729177,1.196631486645651,-0.12094814860778157,-0.43745830032341043,-0.78489831308224,-0.8874921778021001,0.648280433843859,-0.6097829043193822,0.014688194729197093,-71.90551702311717,-113.80508779903502,-99.20672940347502,-126.3401899851167,43.91659232806703,Level 3
2.3946715298229813,-0.2090232572860252,-0.13845598398377382,1.6699045043514062,0.4446026682201407,-0.5805234498047227,-1.1958830620351844,0.5885784044206096,-1.2242982362893657,-0.8505204542092998,-76.41076596556404,-42.938334365559136,-168.03272708341345,-28.0430617794723,10.953214524216317,Level 1
0.9475264621228578,0.655900776529761,0.5935567222808619,1.1241127199860135,0.4070522871245351,-0.018708756445897416,-0.7728776678236091,-0.38851845308888583,-2.9403886346642802,0.19473619471877485,-182.80981450620942,91.80473497792585,-186.86409362773213,-80.3397978341149,43.3596703749814,Level 3
1.521251378336523,0.09612077694098344,0.9382838059759977,0.22213377163371276,-0.8946073022195039,-0.4344962274323156,1.2557561255735208,-0.30917212346863937,-0.5160447282173739,-0.46227528870504275,-92.52259020984492,4.640565363300132,-53.35875500695203,2.9138848293762387,18.632516501803853,Level 1
3.2810163617351127,0.9192289345752035,0.11327041053776446,-0.4473218956587511,0.8527736751222197,1.8732977762175456,0.06785551052740331,1.0800480657146485,-1.4382779783173667,-0.668144085538994,159.97781132527604,271.1158972927633,211.07345249735818,249.10865576545257,188.48471968497927,Level 1
-0.12578692009964815,1.8820244964750337,-0.7904744554453119,-0.9896048202585809,1.0941915184709485,1.5931866266393973,0.055724912288694604,-0.5112156764311853,0.4714683571359957,1.3454200461549777,157.7363620595703,231.29791261994427,307.9807042408495,219.71378416283412,17.039095109046343,Level 3
1.9271710873431271,-1.0708924980611123,0.6256673477650062,0.47323762457354485,-1.5148472246858646,-0.22346278532585084,-0.846793718068405,0.7140004940920919,-0.8571575564162826,0.4824724152431853,-129.99150936064626,-96.57715566398625,-279.97420221992854,-120.30856497300799,-34.25083880640093,Level 1
